

<feed xmlns="http://www.w3.org/2005/Atom">
  <id>http://localhost:4000/</id>
  <title>QuizRUs</title>
  <subtitle>A minimal, responsive and feature-rich Jekyll theme for technical writing.</subtitle>
  <updated>2025-04-16T01:09:10+08:00</updated>
  <author>
    <name>Real Engineers</name>
    <uri>http://localhost:4000/</uri>
  </author>
  <link rel="self" type="application/atom+xml" href="http://localhost:4000/feed.xml"/>
  <link rel="alternate" type="text/html" hreflang="en"
    href="http://localhost:4000/"/>
  <generator uri="https://jekyllrb.com/" version="4.4.1">Jekyll</generator>
  <rights> © 2025 Real Engineers </rights>
  <icon>/assets/img/favicons/favicon.ico</icon>
  <logo>/assets/img/favicons/favicon-96x96.png</logo>


</feed>


